{"i":1000,"val_loss_history":[2.0988053480784,2.0641333421071],"val_loss_history_it":[500,1000],"forward_backward_times":{},"opt":{"max_epochs":50,"checkpoint_every":500,"batch_size":50,"memory_benchmark":0,"init_from":"","grad_clip":5,"model_type":"lstm","lr_decay_every":5,"print_every":1,"wordvec_size":64,"seq_length":50,"input_json":"data\/lyrics.json","num_layers":2,"input_h5":"data\/lyrics.h5","reset_iterations":1,"rnn_size":128,"dropout":0,"checkpoint_name":"cv\/checkpoint","batchnorm":0,"learning_rate":0.002,"speed_benchmark":0,"gpu_backend":"cuda","lr_decay_factor":0.5,"gpu":-1},"train_loss_history":[4.5032091140747,4.3758540153503,4.202540397644,3.9719769954681,3.7461061477661,3.5443692207336,3.3787386417389,3.2296493053436,3.1423244476318,3.0866487026215,3.0986108779907,3.0791959762573,3.0647189617157,3.0685782432556,3.0469105243683,3.0519886016846,3.058732509613,3.0528745651245,3.0156025886536,3.0367150306702,3.0533976554871,3.0729842185974,3.0394208431244,3.0269718170166,3.0573928356171,3.0093924999237,3.049989938736,3.0082511901855,3.0134682655334,3.0286600589752,2.9857530593872,3.036191701889,3.0082430839539,2.9786431789398,3.0352032184601,2.9626286029816,3.0039894580841,2.9617917537689,2.9925081729889,2.959929227829,2.9261252880096,2.9359617233276,2.925520658493,2.9365048408508,2.9116215705872,2.9325971603394,2.9220149517059,2.8968472480774,2.9235291481018,2.8832068443298,2.8802330493927,2.8974778652191,2.8948609828949,2.8078279495239,2.8524470329285,2.8649988174438,2.8714821338654,2.8252794742584,2.8440418243408,2.8430728912354,2.7950205802917,2.7911005020142,2.7391426563263,2.7526557445526,2.7415971755981,2.7531495094299,2.7441101074219,2.7183315753937,2.7212977409363,2.7652852535248,2.7228322029114,2.684342622757,2.6655123233795,2.6691262722015,2.6885533332825,2.6982924938202,2.6347801685333,2.6421270370483,2.6342134475708,2.6299228668213,2.617467880249,2.6618618965149,2.5878715515137,2.5867276191711,2.5589528083801,2.5896747112274,2.5643601417542,2.5777294635773,2.5393674373627,2.5091183185577,2.6140837669373,2.4954617023468,2.52512550354,2.5287139415741,2.571040391922,2.4881422519684,2.5132460594177,2.5174722671509,2.5768723487854,2.4915227890015,2.4432163238525,2.4616951942444,2.4320871829987,2.4370856285095,2.435026884079,2.4578742980957,2.4242804050446,2.4083712100983,2.4140250682831,2.3664956092834,2.3258521556854,2.3925020694733,2.3852355480194,2.3732752799988,2.3750760555267,2.3627362251282,2.3405113220215,2.3213069438934,2.37131690979,2.3061776161194,2.3108570575714,2.3287842273712,2.3384823799133,2.3508949279785,2.3027708530426,2.4191784858704,2.3896498680115,2.37970495224,2.3350858688354,2.3748910427094,2.3689985275269,2.3224649429321,2.3164954185486,2.2732388973236,2.3105728626251,2.2866899967194,2.2747602462769,2.2482688426971,2.2518515586853,2.2825989723206,2.2728583812714,2.2423038482666,2.2882177829742,2.3080098628998,2.2547352313995,2.2626187801361,2.2654337882996,2.3107893466949,2.2961258888245,2.2740936279297,2.2904510498047,2.2366578578949,2.2910816669464,2.2094295024872,2.2113432884216,2.2490866184235,2.1863400936127,2.2315766811371,2.2358953952789,2.1994235515594,2.2888095378876,2.2000334262848,2.2278518676758,2.2348837852478,2.252448797226,2.1777079105377,2.163421869278,2.205402135849,2.1331984996796,2.1749930381775,2.166113615036,2.2185430526733,2.1880564689636,2.1608393192291,2.1987433433533,2.1663761138916,2.1550915241241,2.2006635665894,2.2065899372101,2.1383299827576,2.166660785675,2.1776995658875,2.2372932434082,2.1498124599457,2.1582858562469,2.1761512756348,2.1137511730194,2.1354217529297,2.1414620876312,2.1483099460602,2.1654608249664,2.1720170974731,2.1476981639862,2.0867459774017,2.1353008747101,2.2203752994537,2.1641051769257,2.1415369510651,2.122594833374,2.1152541637421,2.1671144962311,2.185662984848,2.1551642417908,2.1438593864441,2.1719331741333,2.1527283191681,2.1417384147644,2.1612656116486,2.1563441753387,2.1285569667816,2.1289358139038,2.1539413928986,2.149489402771,2.1383650302887,2.1379632949829,2.1241688728333,2.1974086761475,2.0687589645386,2.1194212436676,2.1556603908539,2.0827548503876,2.0707731246948,2.078795671463,2.1572158336639,2.1387391090393,2.0792973041534,2.0301070213318,2.0857489109039,2.0376069545746,2.0733172893524,2.0799400806427,2.1084911823273,2.0606093406677,2.0795471668243,2.0846722126007,2.0231025218964,1.9873126745224,2.0604739189148,2.0821099281311,2.0457451343536,2.0670094490051,2.0234441757202,1.9800205230713,2.0253353118896,2.081042766571,2.0102646350861,2.016773223877,2.0603275299072,2.0373158454895,2.0574550628662,2.0066394805908,2.1363320350647,2.1406266689301,2.1087918281555,2.0717742443085,2.1093907356262,2.0951449871063,2.0523397922516,2.0681946277618,2.0010259151459,1.995246887207,2.0109577178955,2.0137279033661,2.0117700099945,2.0096845626831,2.0361483097076,2.0373065471649,1.9812700748444,2.0655174255371,2.0239703655243,2.0248908996582,2.0283885002136,2.0241394042969,2.074360370636,2.0684576034546,1.9746090173721,1.9906878471375,2.0267491340637,2.0818696022034,1.9734612703323,1.9993385076523,2.0402753353119,1.9714086055756,2.0101797580719,2.0267207622528,1.9778070449829,2.0302650928497,1.9813847541809,1.9819207191467,1.9798624515533,2.0348432064056,1.9521472454071,1.9328525066376,2.0062487125397,1.8902558088303,1.9543603658676,1.9492906332016,1.9924808740616,1.9804587364197,1.9705826044083,1.992000579834,1.9692109823227,1.9449490308762,2.0049667358398,2.0141453742981,1.9392277002335,1.9550973176956,1.9864596128464,2.0537612438202,1.9520719051361,1.9757633209229,1.9734283685684,1.9145187139511,1.9318525791168,1.9545246362686,1.9597779512405,1.9757906198502,1.9658949375153,1.9500328302383,1.8884794712067,1.964501619339,2.037718296051,1.9753447771072,1.9715658426285,1.9409898519516,1.9467899799347,1.9830918312073,2.0168545246124,1.9873585700989,1.9797642230988,2.0054850578308,1.968776345253,1.9827538728714,1.9987180233002,1.9960916042328,1.9552265405655,1.9727792739868,1.9870673418045,1.9904696941376,1.9751007556915,1.9711917638779,1.9591480493546,2.025883436203,1.8996661901474,1.9627048969269,1.9897978305817,1.9215642213821,1.8993355035782,1.9130820035934,2.0056555271149,1.956001996994,1.9277790784836,1.8549937009811,1.9325841665268,1.8967792987823,1.9259926080704,1.9332121610641,1.957813501358,1.8977720737457,1.9243264198303,1.9494242668152,1.8913668394089,1.8443157672882,1.9138896465302,1.9484379291534,1.9002312421799,1.9335983991623,1.8996142148972,1.8434375524521,1.9009257555008,1.9548881053925,1.8673260211945,1.876473069191,1.9269556999207,1.8953855037689,1.9183058738708,1.8590662479401,2.0033147335052,2.0293509960175,1.9721783399582,1.9275456666946,1.9536998271942,1.954195857048,1.9168267250061,1.9317183494568,1.863770365715,1.8534458875656,1.8684855699539,1.8700439929962,1.8818140029907,1.8868319988251,1.9075413942337,1.9088085889816,1.8523218631744,1.9610855579376,1.8948124647141,1.9028060436249,1.9066936969757,1.8951390981674,1.9332746267319,1.9487072229385,1.8418534994125,1.8601591587067,1.9129776954651,1.9776014089584,1.8465408086777,1.8658775091171,1.9215742349625,1.862025141716,1.8906062841415,1.897572517395,1.8614113330841,1.8904114961624,1.8509513139725,1.8450865745544,1.8449386358261,1.9100586175919,1.8227890729904,1.8036469221115,1.8872257471085,1.7649013996124,1.8328822851181,1.8374191522598,1.8659123182297,1.8578428030014,1.8636724948883,1.8728663921356,1.8561687469482,1.8203675746918,1.8919113874435,1.9080635309219,1.8274418115616,1.8394953012466,1.8664652109146,1.9381421804428,1.8470935821533,1.8626421689987,1.8496007919312,1.7980798482895,1.8050900697708,1.8445990085602,1.8598721027374,1.8643947839737,1.8363877534866,1.8386570215225,1.7761869430542,1.8543881177902,1.9251394271851,1.8644677400589,1.8668484687805,1.831874370575,1.8457230329514,1.8635421991348,1.9061431884766,1.8871552944183,1.886393904686,1.8997113704681,1.856940984726,1.8881552219391,1.9068108797073,1.9028601646423,1.8530325889587,1.8797748088837,1.879695892334,